id,interview,comment
1,Alice,"Yes, because it leverages LLMs to analyze large datasets and could significantly streamline the process of democratic consultation."
2,Bob,"Definitely, the tool's ability to summarize opinions rather than just factual data is incredibly useful for understanding public sentiment."
3,Carol,"Absolutely, its automatic preparation of summaries, visualizations, and reports could save me a lot of manual work."
4,Dave,"Yes, considering it is developed as a non-profit initiative, it seems like a tool designed with the public good in mind."
5,Ethan,"Certainly, as it allows for the analysis of democratic input at a large scale, which could enhance civic engagement."
6,Fred,"Yes, the examples of generating reports in multiple languages show its versatility, making it valuable for international projects."
7,George,"For sure, since it offers the ability to filter arguments by level of consensus, which is crucial for identifying common ground."
8,Heather,"No, I'm concerned about privacy and data security. Introducing AI into public consultations could risk exposing sensitive information."
9,Ian,"Yes, its open-source nature is appealing, as it allows for community contributions and improvements."
10,Jane,"Certainly, the tool's focus on transparency and inclusivity in capturing diverse opinions is in line with my values."
11,Kyle,I wouldn't use it because I believe direct human interaction is crucial for genuine understanding and empathy in democratic processes.
12,Lana,"Yes, because it seems capable of reducing the manual workload significantly through the use of frontier LLMs."
13,Mary,"No, because I'm skeptical about an AI's ability to accurately interpret and represent human emotions and nuanced opinions without bias."
14,Nick,I'm not sure what I'd use it for
15,Olivia,"Definitely, as it aims to present high-fidelity representations of opinions, which is essential for fair analysis."
16,Pat,"Yes, because it seeks to improve the interface for complex datasets, making data more accessible."
17,Rob,"I'd avoid it due to the potential for misuse or manipulation of the summarized data, which could lead to misrepresented public opinions."
18,Sam,"Yes, if it can accurately capture and summarize key arguments while preserving the tone and intention of the original statements."
19,Tom,"For sure, its potential for scaling up deliberative processes to involve more participants is intriguing."
20,Vivian,"Yes, the commitment to ensuring the tool evolves through open-source contributions suggests it will continue to improve."
